{
    "0": -0.1160736009478569,
    "1": 0.06390944123268127,
    "2": 0.09531791508197784,
    "3": -0.06520101428031921,
    "4": -0.11249447613954544,
    "5": 0.03907713666558266,
    "6": -0.08605816960334778,
    "7": -0.04209405183792114,
    "8": 0.1634920835494995,
    "9": -0.14411208033561707,
    "10": 0.18023167550563812,
    "11": -0.08145437389612198,
    "12": -0.2329593449831009,
    "13": 0.01564023643732071,
    "14": -0.06721881031990051,
    "15": 0.24592463672161102,
    "16": -0.07856499403715134,
    "17": -0.10273322463035583,
    "18": -0.03134562820196152,
    "19": 0.04316458851099014,
    "20": 0.05157552659511566,
    "21": 0.012856371700763702,
    "22": 0.03386906161904335,
    "23": 0.07671302556991577,
    "24": -0.1298038363456726,
    "25": -0.3933219909667969,
    "26": -0.07364360988140106,
    "27": -0.010326463729143143,
    "28": -0.04639014974236488,
    "29": -0.08317485451698303,
    "30": -0.14487524330615997,
    "31": 0.07305452227592468,
    "32": -0.16210003197193146,
    "33": -0.039121076464653015,
    "34": 0.02374485321342945,
    "35": 0.13827601075172424,
    "36": -0.022408004850149155,
    "37": -0.12029989063739777,
    "38": 0.14348381757736206,
    "39": 0.05624628812074661,
    "40": -0.27819570899009705,
    "41": 0.008818589150905609,
    "42": 0.010994799435138702,
    "43": 0.286236047744751,
    "44": 0.15764053165912628,
    "45": 0.005003608763217926,
    "46": 0.07947821170091629,
    "47": -0.10534432530403137,
    "48": 0.05626050382852554,
    "49": -0.22833402454853058,
    "50": -0.00944652408361435,
    "51": 0.10503168404102325,
    "52": 0.047892458736896515,
    "53": 0.05537599325180054,
    "54": -0.04285228252410889,
    "55": -0.12539376318454742,
    "56": 0.032918334007263184,
    "57": 0.114045649766922,
    "58": -0.15015459060668945,
    "59": -0.005888648331165314,
    "60": 0.0636969804763794,
    "61": -0.03897670656442642,
    "62": 0.010671747848391533,
    "63": -0.09383535385131836,
    "64": 0.24278557300567627,
    "65": 0.12042385339736938,
    "66": -0.16391518712043762,
    "67": -0.14504912495613098,
    "68": 0.10117138922214508,
    "69": -0.10291554033756256,
    "70": 0.004096888937056065,
    "71": 0.029855702072381973,
    "72": -0.1869758665561676,
    "73": -0.22165676951408386,
    "74": -0.3149294853210449,
    "75": 0.018030088394880295,
    "76": 0.4008822441101074,
    "77": 0.1433844119310379,
    "78": -0.15201586484909058,
    "79": 0.03114696964621544,
    "80": -0.09122857451438904,
    "81": 0.04376692324876785,
    "82": 0.06012044847011566,
    "83": 0.17214685678482056,
    "84": -0.004287160933017731,
    "85": 0.061996426433324814,
    "86": -0.011979158036410809,
    "87": 0.05192144960165024,
    "88": 0.22345755994319916,
    "89": -0.06364903599023819,
    "90": -0.04221932590007782,
    "91": 0.18239276111125946,
    "92": 0.01884198933839798,
    "93": 0.014794573187828064,
    "94": -0.010609785094857216,
    "95": 0.10491035878658295,
    "96": -0.07355906814336777,
    "97": 0.02937077172100544,
    "98": -0.11121813952922821,
    "99": 0.026605982333421707,
    "100": -0.015552081167697906,
    "101": -0.06475317478179932,
    "102": 0.05285109579563141,
    "103": 0.15043476223945618,
    "104": -0.2509177029132843,
    "105": 0.15247070789337158,
    "106": -0.005335807800292969,
    "107": -0.00820969045162201,
    "108": 0.0790112316608429,
    "109": 0.08714123070240021,
    "110": -0.12164922058582306,
    "111": -0.09818991273641586,
    "112": 0.11099553853273392,
    "113": -0.2603311240673065,
    "114": 0.10214421898126602,
    "115": 0.2578583359718323,
    "116": 0.0759238600730896,
    "117": 0.1360054463148117,
    "118": 0.1197643056511879,
    "119": 0.10594473034143448,
    "120": 0.026734808459877968,
    "121": 0.03468893840909004,
    "122": -0.131352037191391,
    "123": -0.029628723859786987,
    "124": 0.08733434975147247,
    "125": 0.004809604957699776,
    "126": 0.07211296260356903,
    "127": 0.02621133252978325
}